﻿<Application>
	<Process>
	<Scope>inst</Scope>
	</Process>
	<LoadOnStartup>true</LoadOnStartup>
	 <StreamManager>
            <StorageDir>/</StorageDir>
            <VirtualDirectory>
                    <Streams>/;/opt/video_dest</Streams>
            </VirtualDirectory>
            <Live>
                    <Queue>
                            <AggregateMessages enabled="true">
                                    <MaxAggMsgDuration>500</MaxAggMsgDuration>
                            </AggregateMessages>
                    </Queue>
            </Live>
    </StreamManager>
	<Client>
		<OutChunkSize>448</OutChunkSize>
	</Client>
	<ScriptEngine>
		<RuntimeSize>10240</RuntimeSize>
		<FileObject>
			<VirtualDirectory>fmsConfRoot;/opt/adobe/ams/conf/</VirtualDirectory>
			<VirtualDirectory>appLogs;/opt/adobe/ams/logs/</VirtualDirectory>
			<VirtualDirectory>appPath;/opt/adobe/ams/applications/dreamStreamCore/</VirtualDirectory>
			<VirtualDirectory>/;/opt/video_dest/</VirtualDirectory>
		</FileObject>
		<ApplicationObject>
			<config>
			   <allowInteriorLogin>1</allowInteriorLogin>
				<alarmPortal><![CDATA[http://115.29.150.217:888/cms_cloud/alarm/api_alarm.jsp|0]]></alarmPortal>
                <statPortal><![CDATA[http://192.168.137.10:888/live/api/liveStreamCheck.jsp?id={CHANNEL}&name={CHANNELNAME}&type={TYPE}&des={DES}]]></statPortal>
			</config>
		</ApplicationObject>
	</ScriptEngine>
</Application>
